grade_level,track,name
G12,,Personal Development
G12,TVL,Health Optimization Program for Education 4
G12,,Media and Information Literacy
G12,,"Work Immersion / Career Advocacy, Counseling, and Placement Support"
G12,,"Trends, Networks, and Critical Thinking in the 21st Century"
G12,,"Inquiries, Investigations, and Immersion"
G12,,English for Academic and Professional Purposes
G12,,"Trends, Networks, and Critical Thinking"
G12,ABM,Business Ethics and Social Responsibility
G12,STEM,General Physics 2
G12,,Disaster Readiness and Risk Reduction
G12,ABM,"Fundamentals of Accountancy, Business, and Management 2"
G12,HUMSS,Introduction to World Religions and Belief Systems
G11,,Reading and Writing Skills
G11,HUMSS,Pagbasa at Pagsusuri ng Iba't Ibang Teksto Tungo sa Pananaliksik
G11,STEM,Physical Science
G11,HUMSS,"Understanding Culture, Society, and Politics"
G11,STEM,Statistics and Probability
G11,TVL,Health Optimization Program for Education 3
G11,,Practical Research 1
G11,ABM,"Fundamentals of Accountancy, Business, and Management 1"
G11,ABM,Principles of Marketing
G11,HUMSS,Creative Writing
G11,,Disaster Readiness and Risk Reduction
G11,STEM,General Biology 2
G11,STEM,Basic Calculus
G11,HUMSS,Disciplines and Ideas in the Applied Social Sciences
G11,TVL,Electrical Installation and Maintenance
G11,TVL,Bread and Pastry Production
G11,TVL,Beauty Nail and Culture
G11,TVL,Housekeeping